-- ----------------------------
-- 1、客户信息表
-- ----------------------------
drop table if exists users_peoples;
create table usrs_peoples (
  user_id           bigint(20)      not null auto_increment    comment '用户ID',
  user_name         varchar(30)     not null                   comment '用户账号',
  nick_name         varchar(30)     not null                   comment '用户昵称',
  email             varchar(50)     default ''                 comment '用户邮箱',
  phonenumber       varchar(11)     default ''                 comment '手机号码',
  sex               char(1)         default '0'                comment '用户性别（0男 1女 2未知）',
  avatar            varchar(100)    default ''                 comment '头像地址',
  password          varchar(100)    default ''                 comment '密码',
  status            char(1)         default '0'                comment '帐号状态（0正常 1停用）',
  vip               char(1)         default '0'                comment '会员（0不是 1是）',
  del_flag          char(1)         default '0'                comment '删除标志（0代表存在 2代表删除）',
  login_ip          varchar(50)     default ''                 comment '最后登录IP',
  login_date        datetime                                   comment '最后登录时间',
  create_time       datetime                                   comment '创建时间',
  update_time       datetime                                   comment '更新时间',
  remark            varchar(500)    default null               comment '备注',
  primary key (user_id)
) engine=innodb auto_increment=100 comment = '客户信息表';

-- ----------------------------
-- 初始化-客户信息表数据
-- ----------------------------
insert into usrs_peoples values(1,  'ez', '伊泽',  'ez@163.com', '15888888888', '0', '', '$2a$10$7JB720yubVSZvUI0rEqK/.VqGOZTH.ulu33dHOiBE8ByOhJIrdAu2', '0', '0', '0', '127.0.0.1', '2018-03-16 11-33-00',  '2018-03-16 11-33-00',  '2018-03-16 11-33-00', '普通用户');
insert into usrs_peoples values(2,  'sh', '水花',  'sh@qq.com',  '15666666666', '1', '', '$2a$10$7JB720yubVSZvUI0rEqK/.VqGOZTH.ulu33dHOiBE8ByOhJIrdAu2', '0', '1', '0', '127.0.0.1', '2018-03-16 11-33-00',  '2018-03-16 11-33-00',  '2018-03-16 11-33-00', '会员用户');

-- ----------------------------
-- 2、数据表
-- ----------------------------
drop table if exists usrs_data;
create table usrs_data (
  data_id           bigint(20)      not null auto_increment    comment '数据ID',
  user_id           bigint(30)      not null                   comment '用户ID',
  user_name         varchar(30)     not null                   comment '用户名',
  A_Xmean           varchar(50)     default '0'                comment 'A_Xmean',
  A_Ymean           varchar(50)     default '0'                comment 'A_Ymean',
  A_Zmean           varchar(50)     default '0'                comment 'A_Zmean',
  A_Xstd            varchar(50)     default '0'                comment 'A_Xstd',
  A_Ystd            varchar(50)     default '0'                comment 'A_Ystd',
  A_Zstd            varchar(50)     default '0'                comment 'A_Zstd',
  G_Xmean           varchar(50)     default '0'                comment 'G_Xmean',
  G_Ymean           varchar(50)     default '0'                comment 'G_Ymean',
  G_Zmean           varchar(50)     default '0'                comment 'G_Zmean',
  G_Xstd            varchar(50)     default '0'                comment 'G_Xstd',
  G_Ystd            varchar(50)     default '0'                comment 'G_Ystd',
  G_Zstd            varchar(50)     default '0'                comment 'G_Zstd',
  part              varchar(50)     default '0'                comment '部位',
  state             varchar(50)     default '0'                comment '模式',
  status            char(1)         default '0'                comment '数据状态（0正常 1停用）',
  create_time       datetime                                   comment '创建时间',
  update_time       datetime                                   comment '更新时间',
  remark            varchar(500)    default null               comment '备注',
  primary key (data_id)
) engine=innodb auto_increment=100 comment = '数据表';

-- ----------------------------
-- 初始化-客户数据表数据
-- ----------------------------
insert into usrs_data values(1, 2,  'sh', 9.133165224393208,1.9734405646721525,0.35317255239933715,2.933682029012312,1.3830260343828287,1.640741190294806,4.236858311295509,1.6948505262533824,-0.25591783622900643,14.925744070217895,16.35301488247648,15.838652379721498,'Waist','Downstair',
                             0, '2018-03-16 11-33-00',  '2018-03-16 11-33-00',  null);
insert into usrs_data values(2, 2,  'sh', 9.134009718894958,1.9593275735775633,0.36885044481605284,2.933415961616981,1.3876442038784447,1.6435962960403663,4.612714869777361,1.860378203789393,-0.2967666159073511,14.752976035933072,16.186154732700338,15.865101379564383,'Waist','Downstair',
                             0, '2018-03-16 11-33-00',  '2018-03-16 11-33-00',  null);
insert into usrs_data values(3, 2,  'sh', 9.136070291201273,1.9386064141988757,0.38322884396960333,2.9330187079728933,1.3913752154459709,1.6454355381087964,5.031122262279192,2.1390082061290743,-0.3238199561834334,14.621035896326717,16.03599550622838,15.883127338434432,'Waist','Downstair',
                             0, '2018-03-16 11-33-00',  '2018-03-16 11-33-00',  null);
insert into usrs_data values(4, 2,  'sh', 9.114219530423481,1.9228928734858832,0.3912759402766824,2.9417316530377415,1.3940212555897176,1.6443631479520249,5.48116133113702,2.461170309782028,-0.2918169587850571,14.732386055626543,15.969568997434905,15.865622330621354,'Waist','Downstair',
                             0, '2018-03-16 11-33-00',  '2018-03-16 11-33-00',  null);
insert into usrs_data values(5, 2,  'sh', 9.063293544451396,1.9097550779581074,0.385725995587806,2.977055820524024,1.3966634863524878,1.6467606736403875,5.827563761671383,2.667973905801773,-0.24028207957744607,15.02368395160386,15.905206013338153,15.84827325735008,'Waist','Downstair',
                             0, '2018-03-16 11-33-00',  '2018-03-16 11-33-00',  null);
insert into usrs_data values(6, 2,  'sh', 9.022682174046833,1.8882704565922424,0.37346396874636434,3.0000972698845145,1.4028915368920307,1.6528356631646768,6.051729360222817,2.5858942409356436,-0.22389636139074962,15.264930435834147,15.979066804748527,15.844547369760075,'Waist','Downstair',
                             0, '2018-03-16 11-33-00',  '2018-03-16 11-33-00',  null);

insert into usrs_data values(11, 2,  'sh', 9.133165224393208,1.9734405646721525,0.35317255239933715,2.933682029012312,1.3830260343828287,1.640741190294806,4.236858311295509,1.6948505262533824,-0.25591783622900643,14.925744070217895,16.35301488247648,15.838652379721498,'foot','Downstair',
                                                                                                                   0, '2018-03-16 11-33-00',  '2018-03-16 11-33-00',  null);
insert into usrs_data values(12, 2,  'sh', 9.134009718894958,1.9593275735775633,0.36885044481605284,2.933415961616981,1.3876442038784447,1.6435962960403663,4.612714869777361,1.860378203789393,-0.2967666159073511,14.752976035933072,16.186154732700338,15.865101379564383,'foot','Downstair',
                             0, '2018-03-16 11-33-00',  '2018-03-16 11-33-00',  null);
insert into usrs_data values(13, 2,  'sh', 9.136070291201273,1.9386064141988757,0.38322884396960333,2.9330187079728933,1.3913752154459709,1.6454355381087964,5.031122262279192,2.1390082061290743,-0.3238199561834334,14.621035896326717,16.03599550622838,15.883127338434432,'foot','Downstair',
                             0, '2018-03-16 11-33-00',  '2018-03-16 11-33-00',  null);
insert into usrs_data values(14, 2,  'sh', 9.114219530423481,1.9228928734858832,0.3912759402766824,2.9417316530377415,1.3940212555897176,1.6443631479520249,5.48116133113702,2.461170309782028,-0.2918169587850571,14.732386055626543,15.969568997434905,15.865622330621354,'foot','Downstair',
                             0, '2018-03-16 11-33-00',  '2018-03-16 11-33-00',  null);
insert into usrs_data values(15, 2,  'sh', 9.063293544451396,1.9097550779581074,0.385725995587806,2.977055820524024,1.3966634863524878,1.6467606736403875,5.827563761671383,2.667973905801773,-0.24028207957744607,15.02368395160386,15.905206013338153,15.84827325735008,'foot','Downstair',
                             0, '2018-03-16 11-33-00',  '2018-03-16 11-33-00',  null);
insert into usrs_data values(16, 2,  'sh', 9.022682174046833,1.8882704565922424,0.37346396874636434,3.0000972698845145,1.4028915368920307,1.6528356631646768,6.051729360222817,2.5858942409356436,-0.22389636139074962,15.264930435834147,15.979066804748527,15.844547369760075,'foot','Downstair',
                             0, '2018-03-16 11-33-00',  '2018-03-16 11-33-00',  null);

insert into usrs_data values(21, 1,  'ez', 9.133165224393208,1.9734405646721525,0.35317255239933715,2.933682029012312,1.3830260343828287,1.640741190294806,4.236858311295509,1.6948505262533824,-0.25591783622900643,14.925744070217895,16.35301488247648,15.838652379721498,'hand','Golf',
                             0, '2018-03-16 11-33-00',  '2018-03-16 11-33-00',  null);
insert into usrs_data values(22, 1,  'ez', 9.134009718894958,1.9593275735775633,0.36885044481605284,2.933415961616981,1.3876442038784447,1.6435962960403663,4.612714869777361,1.860378203789393,-0.2967666159073511,14.752976035933072,16.186154732700338,15.865101379564383,'hand','Golf',
                             0, '2018-03-16 11-33-00',  '2018-03-16 11-33-00',  null);
insert into usrs_data values(23, 1,  'ez', 9.136070291201273,1.9386064141988757,0.38322884396960333,2.9330187079728933,1.3913752154459709,1.6454355381087964,5.031122262279192,2.1390082061290743,-0.3238199561834334,14.621035896326717,16.03599550622838,15.883127338434432,'hand','Golf',
                             0, '2018-03-16 11-33-00',  '2018-03-16 11-33-00',  null);
insert into usrs_data values(24, 1,  'ez', 9.114219530423481,1.9228928734858832,0.3912759402766824,2.9417316530377415,1.3940212555897176,1.6443631479520249,5.48116133113702,2.461170309782028,-0.2918169587850571,14.732386055626543,15.969568997434905,15.865622330621354,'hand','Golf',
                             0, '2018-03-16 11-33-00',  '2018-03-16 11-33-00',  null);
insert into usrs_data values(25, 1,  'ez', 9.063293544451396,1.9097550779581074,0.385725995587806,2.977055820524024,1.3966634863524878,1.6467606736403875,5.827563761671383,2.667973905801773,-0.24028207957744607,15.02368395160386,15.905206013338153,15.84827325735008,'hand','Golf',
                             0, '2018-03-16 11-33-00',  '2018-03-16 11-33-00',  null);
insert into usrs_data values(26, 1,  'ez', 9.022682174046833,1.8882704565922424,0.37346396874636434,3.0000972698845145,1.4028915368920307,1.6528356631646768,6.051729360222817,2.5858942409356436,-0.22389636139074962,15.264930435834147,15.979066804748527,15.844547369760075,'hand','Golf',
                             0, '2018-03-16 11-33-00',  '2018-03-16 11-33-00',  null);
-- ----------------------------
-- 3、球星信息表
-- ----------------------------
drop table if exists players_data;
create table players_data (
  player_id         bigint(20)      not null auto_increment    comment '球星ID',
  player_name       varchar(30)     not null                   comment '球星名',
  sex               char(1)         default '0'                comment '球星性别（0男 1女 2未知）',
  avatar            varchar(100)    default ''                 comment '头像地址',
  status            char(1)         default '0'                comment '状态（0正常 1停用）',
  del_flag          char(1)         default '0'                comment '删除标志（0代表存在 2代表删除）',
  create_time       datetime                                   comment '创建时间',
  update_time       datetime                                   comment '更新时间',
  intro             varchar(255)     not null                  comment '介绍',
  remark            varchar(255)    default null               comment '备注',
  primary key (player_id)
) engine=innodb auto_increment=100 comment = '球星信息表';
-- ----------------------------
-- 初始化-球星数据表数据
-- ----------------------------
insert into players_data values(1,  '泰格-伍兹', '0', null, '0','0', '2023-04-16 11-33-00',  '2023-04-16 11-33-00', '泰格·伍兹（Eldrick Tont Woods，1975年12月30日-），绰号“Tiger”、“老虎伍兹”，出生于加利福尼亚塞普雷斯，美国职业高尔夫球运动员。

1996年，泰格·伍兹开始高尔夫球职业生涯，之后多次拿下美国名人赛冠军，他曾入围2019福布斯100名人榜，获得过由美国总统特朗普授予的“总统自由勋章”。2019年12月，泰格·伍兹获ESPN2019年年度最出名运动员。[1]2022年3月10日，泰格·伍兹正式入选高尔夫名人堂。', null);
insert into players_data values(2,  '亚当-斯科特', '0', null, '0','0', '2023-04-16 11-33-00',  '2023-04-16 11-33-00', '亚当·斯科特（Adam Scott，1980年7月16日-），出生于澳大利亚阿德莱德，毕业于内华达州拉斯维加斯大学，澳大利亚职业高尔夫球员。

斯科特拥有英俊的外表，沉稳的气质、全面的技巧和轻松的心态。其于2000年6月正式转为职业球员，2014年5月，斯科特的世界排名上升到第一位，曾获得PGA巡回赛冠军、欧巡赛冠军、澳大利亚PGA锦标赛冠军等奖项。', null);
